Custom_000_000001.png	[0, 8]
Custom_000_000002.png	[0, 8]
Custom_000_000003.png	[0, 8]
Custom_000_000004.png	[0, 8]
Custom_000_000005.png	[0, 8]
Custom_000_000006.png	[0, 8]
Custom_000_000007.png	[0, 8]
Custom_000_000008.png	[0, 8]
Custom_000_000009.png	[0, 8]
Custom_001_000001.png	[9, 17]
Custom_001_000002.png	[9, 17]
Custom_001_000003.png	[9, 17]
Custom_001_000004.png	[9, 17]
Custom_001_000005.png	[9, 17]
Custom_001_000006.png	[9, 17]
Custom_001_000007.png	[9, 17]
Custom_001_000008.png	[9, 17]
Custom_001_000009.png	[9, 17]
Custom_002_000001.png	[18, 26]
Custom_002_000002.png	[18, 26]
Custom_002_000003.png	[18, 26]
Custom_002_000004.png	[18, 26]
Custom_002_000005.png	[18, 26]
Custom_002_000006.png	[18, 26]
Custom_002_000007.png	[18, 26]
Custom_002_000008.png	[18, 26]
Custom_002_000009.png	[18, 26]
